Workbook

Sheet Summary
A1: Agent / Customer / Order / Commission - Test Summary
A2: Status counts update automatically from the Status column of each sheet. 'Passed (auto)' = verified by script against the local DB (backend only); UI checks still need a manual run.
A4: Sheet | B4: Total | C4: Passed | D4: Passed (auto) | E4: Failed | F4: Blocked | G4: Not Run
A5: Customer assignment | B5: =COUNTA('Customer assignment'!A2:A500) | C5: =COUNTIF('Customer assignment'!F2:F500,"Passed") | D5: =COUNTIF('Customer assignment'!F2:F500,"Passed (auto)") | E5: =COUNTIF('Customer assignment'!F2:F500,"Failed") | F5: =COUNTIF('Customer assignment'!F2:F500,"Blocked") | G5: =COUNTIF('Customer assignment'!F2:F500,"Not Run")
A6: Admin transfer | B6: =COUNTA('Admin transfer'!A2:A500) | C6: =COUNTIF('Admin transfer'!F2:F500,"Passed") | D6: =COUNTIF('Admin transfer'!F2:F500,"Passed (auto)") | E6: =COUNTIF('Admin transfer'!F2:F500,"Failed") | F6: =COUNTIF('Admin transfer'!F2:F500,"Blocked") | G6: =COUNTIF('Admin transfer'!F2:F500,"Not Run")
A7: Agent customer list | B7: =COUNTA('Agent customer list'!A2:A500) | C7: =COUNTIF('Agent customer list'!F2:F500,"Passed") | D7: =COUNTIF('Agent customer list'!F2:F500,"Passed (auto)") | E7: =COUNTIF('Agent customer list'!F2:F500,"Failed") | F7: =COUNTIF('Agent customer list'!F2:F500,"Blocked") | G7: =COUNTIF('Agent customer list'!F2:F500,"Not Run")
A8: Orders and order source | B8: =COUNTA('Orders and order source'!A2:A500) | C8: =COUNTIF('Orders and order source'!F2:F500,"Passed") | D8: =COUNTIF('Orders and order source'!F2:F500,"Passed (auto)") | E8: =COUNTIF('Orders and order source'!F2:F500,"Failed") | F8: =COUNTIF('Orders and order source'!F2:F500,"Blocked") | G8: =COUNTIF('Orders and order source'!F2:F500,"Not Run")
A9: Transfer ownership | B9: =COUNTA('Transfer ownership'!A2:A500) | C9: =COUNTIF('Transfer ownership'!F2:F500,"Passed") | D9: =COUNTIF('Transfer ownership'!F2:F500,"Passed (auto)") | E9: =COUNTIF('Transfer ownership'!F2:F500,"Failed") | F9: =COUNTIF('Transfer ownership'!F2:F500,"Blocked") | G9: =COUNTIF('Transfer ownership'!F2:F500,"Not Run")
A10: Commission lifecycle | B10: =COUNTA('Commission lifecycle'!A2:A500) | C10: =COUNTIF('Commission lifecycle'!F2:F500,"Passed") | D10: =COUNTIF('Commission lifecycle'!F2:F500,"Passed (auto)") | E10: =COUNTIF('Commission lifecycle'!F2:F500,"Failed") | F10: =COUNTIF('Commission lifecycle'!F2:F500,"Blocked") | G10: =COUNTIF('Commission lifecycle'!F2:F500,"Not Run")
A11: Payout | B11: =COUNTA('Payout'!A2:A500) | C11: =COUNTIF('Payout'!F2:F500,"Passed") | D11: =COUNTIF('Payout'!F2:F500,"Passed (auto)") | E11: =COUNTIF('Payout'!F2:F500,"Failed") | F11: =COUNTIF('Payout'!F2:F500,"Blocked") | G11: =COUNTIF('Payout'!F2:F500,"Not Run")
A12: Admin screens | B12: =COUNTA('Admin screens'!A2:A500) | C12: =COUNTIF('Admin screens'!F2:F500,"Passed") | D12: =COUNTIF('Admin screens'!F2:F500,"Passed (auto)") | E12: =COUNTIF('Admin screens'!F2:F500,"Failed") | F12: =COUNTIF('Admin screens'!F2:F500,"Blocked") | G12: =COUNTIF('Admin screens'!F2:F500,"Not Run")
A13: Security | B13: =COUNTA('Security'!A2:A500) | C13: =COUNTIF('Security'!F2:F500,"Passed") | D13: =COUNTIF('Security'!F2:F500,"Passed (auto)") | E13: =COUNTIF('Security'!F2:F500,"Failed") | F13: =COUNTIF('Security'!F2:F500,"Blocked") | G13: =COUNTIF('Security'!F2:F500,"Not Run")
A14: Regression | B14: =COUNTA('Regression'!A2:A500) | C14: =COUNTIF('Regression'!F2:F500,"Passed") | D14: =COUNTIF('Regression'!F2:F500,"Passed (auto)") | E14: =COUNTIF('Regression'!F2:F500,"Failed") | F14: =COUNTIF('Regression'!F2:F500,"Blocked") | G14: =COUNTIF('Regression'!F2:F500,"Not Run")
A15: Total | B15: =SUM(B5:B14) | C15: =SUM(C5:C14) | D15: =SUM(D5:D14) | E15: =SUM(E5:E14) | F15: =SUM(F5:F14) | G15: =SUM(G5:G14)
A17: Prerequisites
A18: - Accounts: Admin, Agent A, Agent B, Customer C, Customer D (each agent with a referral code).
A19: - A commission rate exists (global / category / product).
A20: - Restart next dev after prisma generate; migration 20261013100000 applied.
A21: - Test on desktop and mobile (375px).

Sheet Customer assignment
A1: Test ID | B1: Test | C1: Steps | D1: Expected result | E1: Type | F1: Status | G1: Tester | H1: Date | I1: Remarks
A2: CA-01 | B2: New customer registers with Agent A link | C2: Open `/?ref=<A code>` → register new customer | D2: Customer assigned to A; account created once | E2: Manual (service: Auto) | F2: Not Run
A3: CA-02 | B3: Existing unassigned customer uses A's code | C3: Open A's link → login as C | D3: C assigned to A; no new account; old orders untouched | E3: Manual (service: Auto) | F3: Not Run
A4: CA-03 | B4: Existing customer places first order with A's code | C4: Open A's link → C (unassigned) places order | D4: C assigned to A; order credited to A | E4: Auto | F4: Passed (auto)
A5: CA-04 | B5: Assigned customer uses another agent's code | C5: C is with A → open B's link → login / order | D5: C stays with A; order still credited to A | E5: Auto | F5: Passed (auto)
A6: CA-05 | B6: Invalid / inactive agent code | C6: Use a wrong code | D6: No assignment, no error to customer | E6: Manual | F6: Not Run
A7: CA-06 | B7: Agent uses a code | C7: Login as Agent A with B's link | D7: A is not assigned to anyone | E7: Auto | F7: Passed (auto)

Sheet Admin transfer
A1: Test ID | B1: Test | C1: Steps | D1: Expected result | E1: Type | F1: Status | G1: Tester | H1: Date | I1: Remarks
A2: TR-01 | B2: Transfer A → B | C2: Admin → Customers → C → Sales Partner card → choose B → Transfer → Confirm | D2: Confirmation dialog shown; C's current agent = B; success message | E2: Manual (service: Auto) | F2: Not Run
A3: TR-02 | B3: Transfer to same agent | C3: Try A → A | D3: Rejected: already assigned | E3: Auto | F3: Passed (auto)
A4: TR-03 | B4: Stale screen | C4: Open card in 2 tabs, transfer in tab 1, then tab 2 | D4: Tab 2 rejected: "Sales Partner has changed. Refresh" | E4: Auto | F4: Passed (auto)
A5: TR-04 | B5: Agent tries to transfer | C5: Call `POST /api/admin/customers/<id>/agent` as Agent | D5: 403 | E5: Auto (service) / Manual (HTTP) | F5: Not Run
A6: TR-05 | B6: Unauthenticated | C6: Call same API without login | D6: 401 | E6: Auto | F6: Passed (auto)
A7: TR-06 | B7: History | C7: After transfer open the card | D7: Row: customer, from A, to B, by admin name, date & time, reason | E7: Auto (data) / Manual (UI) | F7: Not Run
A8: TR-07 | B8: History never deleted | C8: Transfer B → A, A → B | D8: All rows still listed, newest first | E8: Manual | F8: Not Run
A9: TR-08 | B9: Destination inactive | C9: Make B inactive, transfer to B | D9: Rejected | E9: Manual | F9: Not Run

Sheet Agent customer list
A1: Test ID | B1: Test | C1: Steps | D1: Expected result | E1: Type | F1: Status | G1: Tester | H1: Date | I1: Remarks
A2: CL-01 | B2: Columns | C2: Agent A → Customers | D2: Name, Customer ID, Mobile, Email shown | E2: Manual | F2: Not Run
A3: CL-02 | B3: Only assigned | C3: Compare A's and B's lists | D3: Each sees only own assigned customers | E3: Auto | F3: Passed (auto)
A4: CL-03 | B4: Search | C4: Search by name, customer ID, mobile, email | D4: Matching customers only | E4: Auto (ID) / Manual | F4: Not Run
A5: CL-04 | B5: Status filter | C5: Filter Active / Inactive | D5: List filtered | E5: Manual | F5: Not Run
A6: CL-05 | B6: After transfer A→B | C6: Reload A's and B's lists | D6: C gone from A, present for B | E6: Auto | F6: Passed (auto)
A7: CL-06 | B7: Pagination | C7: Assign 25+ customers | D7: 20 per page, pager works | E7: Manual | F7: Not Run
A8: CL-07 | B8: Mobile | C8: View on 375px width | D8: Table scrolls horizontally, filters usable | E8: Manual | F8: Not Run

Sheet Orders and order source
A1: Test ID | B1: Test | C1: Steps | D1: Expected result | E1: Type | F1: Status | G1: Tester | H1: Date | I1: Remarks
A2: OR-01 | B2: Customer direct order | C2: C (with A) orders from storefront | D2: Source = Customer Direct, ordered by C, agent A, commission pending for A | E2: Auto | F2: Passed (auto)
A3: OR-02 | B3: Agent places order for assigned customer | C3: Agent A → Place Order → existing customer C → saved address → product → Place | D3: Order belongs to C; source Agent Placed; ordered by A; agent A | E3: Auto (API) / Manual (UI) | F3: Not Run
A4: OR-03 | B4: Extra phone/address | C4: Same as OR-02, choose "different address / phone" | D4: Address saved on the order only; C's profile unchanged | E4: Auto (API) | F4: Not Run
A5: OR-04 | B5: Unassigned customer (API) | C5: A sends C's id when C is with B | D5: Rejected: "not assigned to you" | E5: Auto | F5: Passed (auto)
A6: OR-05 | B6: Unassigned customer (UI) | C6: A opens the customer dropdown | D6: Only A's customers listed | E6: Manual | F6: Not Run
A7: OR-06 | B7: Manual customer | C7: Place Order → Enter customer details (name, mobile, address) | D7: No new user created; details on order; agent A; source Agent Placed | E7: Auto (API) | F7: Not Run
A8: OR-07 | B8: Validation | C8: Empty items, bad mobile/pincode, qty > stock, inactive customer | D8: Clear error message, no order created | E8: Manual (stock: Auto) | F8: Not Run
A9: OR-08 | B9: Agent own order | C9: Agent A buys via Purchase Products (storefront) | D9: Source Agent Own, ordered by A, customer A, commission for A | E9: Auto | F9: Passed (auto)
A10: OR-09 | B10: Agent order list views | C10: Agent → Customer Orders / Agent Own Orders tabs | D10: Each tab shows only its own orders; source badge and "Ordered by" shown | E10: Manual | F10: Not Run
A11: OR-10 | B11: Order source filter | C11: Filter by each source on agent and admin lists | D11: Correct rows | E11: Manual | F11: Not Run
A12: OR-11 | B12: Walk-in in lists | C12: Open agent list after OR-06 | D12: Customer column shows the walk-in name, not the agent | E12: Manual | F12: Not Run
A13: OR-12 | B13: Admin order detail | C13: Open any order | D13: Shows Order source, Ordered by, "Not registered" for walk-in | E13: Manual | F13: Not Run
A14: OR-13 | B14: Existing orders | C14: Open old orders created before migration | D14: They show Customer Direct / Agent Own, nothing broken | E14: Manual | F14: Not Run

Sheet Transfer ownership
A1: Test ID | B1: Test | C1: Steps | D1: Expected result | E1: Type | F1: Status | G1: Tester | H1: Date | I1: Remarks
A2: TO-01 | B2: Old order stays | C2: After A→B check the old order | D2: agent_id still A; A's commission unchanged | E2: Auto | F2: Passed (auto)
A3: TO-02 | B3: A cannot order for C | C3: A tries Place Order for C | D3: Rejected | E3: Auto | F3: Passed (auto)
A4: TO-03 | B4: New direct order | C4: C orders after transfer | D4: Agent B; commission to B only | E4: Auto | F4: Passed (auto)
A5: TO-04 | B5: B places order for C | C5: B → Place Order → C | D5: Works; commission to B | E5: Auto | F5: Passed (auto)
A6: TO-05 | B6: A's order list | C6: After transfer, A's Customer Orders | D6: New orders of C not shown (old ones remain as history) | E6: Auto | F6: Passed (auto)

Sheet Commission lifecycle
A1: Test ID | B1: Test | C1: Steps | D1: Expected result | E1: Type | F1: Status | G1: Tester | H1: Date | I1: Remarks
A2: CM-01 | B2: Created pending | C2: Place any eligible order | D2: Commission row = Pending, rate from admin config (no hard-coded %) | E2: Auto | F2: Passed (auto)
A3: CM-02 | B3: Delivered, return period running | C3: Mark order Delivered | D3: Still Pending; return period end date set | E3: Auto | F3: Passed (auto)
A4: CM-03 | B4: Not approved early | C4: Admin "Approve eligible now" before period ends | D4: 0 approved | E4: Auto | F4: Passed (auto)
A5: CM-04 | B5: Approved after period | C5: Same after period ends | D5: Approved | E5: Auto | F5: Passed (auto)
A6: CM-05 | B6: Returned order | C6: Return the order | D6: Commission Reversed | E6: Auto | F6: Passed (auto)
A7: CM-06 | B7: Cancelled order | C7: Cancel before delivery | D7: Commission Cancelled | E7: Auto | F7: Passed (auto)
A8: CM-07 | B8: Own order | C8: After OR-08 run CM-01..04 | D8: Same lifecycle | E8: Auto | F8: Passed (auto)
A9: CM-08 | B9: Rejected order | C9: Reject an order (if the status exists) | D9: Commission cancelled / reversed | E9: Not checked yet | F9: Not Run
A10: CM-09 | B10: Rate config | C10: Change category / product / global rate, place new order | D10: New order uses new rate; old commissions unchanged | E10: Manual | F10: Not Run
A11: CM-10 | B11: Confirm dialog | C11: Admin clicks "Approve eligible now" | D11: Confirmation dialog appears; Cancel does nothing | E11: Manual | F11: Not Run

Sheet Payout
A1: Test ID | B1: Test | C1: Steps | D1: Expected result | E1: Type | F1: Status | G1: Tester | H1: Date | I1: Remarks
A2: PO-01 | B2: Balance | C2: Agent → Payouts before return period ends | D2: Available = 0 | E2: Auto | F2: Passed (auto)
A3: PO-02 | B3: Balance after approval | C3: After CM-04 | D3: Equals approved commissions | E3: Auto | F3: Passed (auto)
A4: PO-03 | B4: Request | C4: Agent requests payout (UPI/bank saved) | D4: Status Requested; commissions → payout requested | E4: Auto | F4: Passed (auto)
A5: PO-04 | B5: Approve | C5: Admin approves (confirmation dialog) | D5: Status Approved | E5: Auto (service) / Manual (dialog) | F5: Not Run
A6: PO-05 | B6: Mark paid | C6: Admin marks paid with reference | D6: Payout Paid; commissions Paid | E6: Auto | F6: Passed (auto)
A7: PO-06 | B7: Reject | C7: Admin rejects with reason | D7: Commissions go back to Approved | E7: Manual | F7: Not Run
A8: PO-07 | B8: Other agent's commission | C8: B's pending commission | D8: Not in A's payout | E8: Auto | F8: Passed (auto)

Sheet Admin screens
A1: Test ID | B1: Test | C1: Steps | D1: Expected result | E1: Type | F1: Status | G1: Tester | H1: Date | I1: Remarks
A2: AD-01 | B2: Customer list columns: name, ID, mobile, email, current agent, order count, total sales, status, created date | D2: All visible; "Unassigned" when none | E2: Manual | F2: Not Run
A3: AD-02 | B3: Row actions: View, Transfer / History | D3: Open customer page (orders tab + Sales Partner card) | E3: Manual | F3: Not Run
A4: AD-03 | B4: Agent detail stats: assigned/active customers; total, direct, placed, own orders; total sales; pending, approved, paid, cancelled, total commission | D4: Numbers match the lists | E4: Manual | F4: Not Run
A5: AD-04 | B5: Admin orders filter by source / agent / status / date / commission status | D5: Correct rows | E5: Manual | F5: Not Run
A6: AD-05 | B6: Staff role | D6: Can view, cannot transfer (403) | E6: Manual | F6: Not Run

Sheet Security
A1: Test ID | B1: Test | C1: Steps | D1: Expected result | E1: Type | F1: Status | G1: Tester | H1: Date | I1: Remarks
A2: SE-01 | B2: All new APIs without login | D2: 401 | E2: Auto | F2: Passed (auto)
A3: SE-02 | B3: Agent calls an admin API (transfer, approve-eligible, payouts approve/paid, customer-transfers) | D3: 403 | E3: Manual (HTTP) | F3: Not Run
A4: SE-03 | B4: Customer role calls agent APIs | D4: 403 | E4: Manual (HTTP) | F4: Not Run
A5: SE-04 | B5: Agent A requests `/api/agent/customers/<C of B>/addresses` | D5: 404 | E5: Manual (HTTP) | F5: Not Run
A6: SE-05 | B6: Agent sends `agent` param on `/api/agent/orders` | D6: Ignored; only own data | E6: Manual | F6: Not Run
A7: SE-06 | B7: Agent has no endpoint to change a commission / assignment | D7: None exists | E7: Review | F7: Not Run
A8: SE-07 | B8: Customer profile cannot be edited via agent order | D8: Profile fields unchanged | E8: Auto | F8: Passed (auto)

Sheet Regression
A1: Test ID | B1: Test | C1: Steps | D1: Expected result | E1: Type | F1: Status | G1: Tester | H1: Date | I1: Remarks
A2: RG-01 | B2: Normal customer without any agent orders | D2: No agent, no commission, order works as before | E2: Manual | F2: Not Run
A3: RG-02 | B3: Guest checkout, Razorpay checkout | D3: Still works; referral cookie assigns only if customer has no agent | E3: Manual | F3: Not Run
A4: RG-03 | B4: Cart / stock / coupon / offers on customer checkout | D4: Unchanged | E4: Manual | F4: Not Run
A5: RG-04 | B5: Order cancel / return by customer and admin | D5: Stock restored; commissions voided | E5: Manual | F5: Not Run
A6: RG-05 | B6: Existing agents' old commissions and payouts | D6: Unchanged and still payable | E6: Manual | F6: Not Run

Sheet Edge cases
A1: Case | B1: Covered by test IDs
A2: 1 Existing customer uses code | B2: CA-02, CA-03
A3: 2 Assigned customer uses other agent's code | B3: CA-04
A4: 3 A orders for B's customer | B4: OR-04, OR-05, TO-02
A5: 4 Transfer A→B | B5: TR-01, CL-05, TO-01
A6: 5 Direct order after transfer | B6: TO-03
A7: 6 Order before transfer stays with A | B7: TO-01
A8: 7 Agent own order | B8: OR-08, CM-07
A9: 8 Manual customer | B9: OR-06
A10: 9 Returned order | B10: CM-05
A11: 10 Delivered, return period active | B11: CM-02, CM-03
A12: 11 Return period complete | B12: CM-04
